timestamp,user_id,message_text,product_mentioned,response_time
2023-06-01 09:15:23,CUST001,"Is VersaFlex Speaker available in blue color?",VersaFlex Speaker,45
2023-06-01 10:30:45,CUST002,"How does EcoBreeze Air Purifier compare to ClearView Smart Camera?",EcoBreeze Air Purifier,92
2023-06-01 11:22:10,CUST003,"I need help with ClearView Smart Camera installation",ClearView Smart Camera,78
2023-06-01 14:05:33,CUST004,"When will SwiftCharge Power Bank be back in stock?",SwiftCharge Power Bank,210
2023-06-02 08:45:12,CUST001,"What's the warranty period for VersaFlex Speaker?",VersaFlex Speaker,53
2023-06-02 10:15:00,CUST005,"Can I use EcoBreeze Air Purifier outdoors?",EcoBreeze Air Purifier,67
2023-06-02 13:30:45,CUST002,"ClearView Smart Camera delivery estimate?",ClearView Smart Camera,112
2023-06-03 09:10:30,CUST006,"VersaFlex Speaker dimensions and weight",VersaFlex Speaker,88
2023-06-03 11:45:15,CUST003,"Trouble with ClearView Smart Camera setup",ClearView Smart Camera,95
2023-06-03 15:20:00,CUST007,"Is OmniFit Smartwatch compatible with EcoBreeze Air Purifier?",OmniFit Smartwatch,134
2023-06-04 10:05:22,CUST001,"VersaFlex Speaker return policy",VersaFlex Speaker,42
2023-06-04 12:30:10,CUST008,"SwiftCharge Power Bank color options",SwiftCharge Power Bank,76
2023-06-05 09:40:33,CUST002,"EcoBreeze Air Purifier technical specifications",EcoBreeze Air Purifier,89
2023-06-05 14:15:20,CUST009,"ClearView Smart Camera customer reviews",ClearView Smart Camera,103
2023-06-06 08:30:45,CUST010,"VersaFlex Speaker vs EcoBreeze Air Purifier comparison",VersaFlex Speaker,118
2023-06-06 11:25:30,CUST003,"ClearView Smart Camera replacement parts",ClearView Smart Camera,87
2023-06-07 10:10:15,CUST011,"SwiftCharge Power Bank installation guide",SwiftCharge Power Bank,156
2023-06-07 13:45:00,CUST001,"VersaFlex Speaker accessories",VersaFlex Speaker,49
2023-06-08 09:20:33,CUST012,"OmniFit Smartwatch availability",OmniFit Smartwatch,201
2023-06-08 14:30:45,CUST002,"EcoBreeze Air Purifier return experience",EcoBreeze Air Purifier,94
2023-06-09 10:10:22,CUST013,"Can VersaFlex Speaker be repaired?",VersaFlex Speaker,75
2023-06-09 12:00:05,CUST014,"Is EcoBreeze Air Purifier available in red?",EcoBreeze Air Purifier,56
2023-06-09 15:55:30,CUST015,"What is the battery life of ClearView Smart Camera?",ClearView Smart Camera,100
2023-06-10 08:25:40,CUST016,"SwiftCharge Power Bank replacement?",SwiftCharge Power Bank,120
2023-06-10 09:55:55,CUST017,"Can OmniFit Smartwatch be used for outdoor events?",OmniFit Smartwatch,85
2023-06-10 13:45:12,CUST018,"VersaFlex Speaker price comparison",VersaFlex Speaker,60
2023-06-11 11:15:00,CUST019,"How long will ClearView Smart Camera last?",ClearView Smart Camera,125
2023-06-11 14:00:50,CUST020,"EcoBreeze Air Purifier specifications",EcoBreeze Air Purifier,92
2023-06-11 16:30:33,CUST021,"Does VersaFlex Speaker have a warranty?",VersaFlex Speaker,40
2023-06-12 10:30:22,CUST022,"OmniFit Smartwatch comparison with SwiftCharge Power Bank",OmniFit Smartwatch,115
2023-06-12 12:45:10,CUST023,"ClearView Smart Camera troubleshooting guide",ClearView Smart Camera,130
2023-06-12 14:15:00,CUST024,"EcoBreeze Air Purifier out of stock?",EcoBreeze Air Purifier,105
2023-06-13 08:45:12,CUST025,"When will VersaFlex Speaker be back in stock?",VersaFlex Speaker,55
2023-06-13 10:20:22,CUST026,"Can EcoBreeze Air Purifier be used for sports?",EcoBreeze Air Purifier,98
2023-06-13 12:10:00,CUST027,"How to clean ClearView Smart Camera?",ClearView Smart Camera,70
2023-06-14 08:30:50,CUST028,"SwiftCharge Power Bank delivery time",SwiftCharge Power Bank,112
2023-06-14 09:45:00,CUST029,"OmniFit Smartwatch features",OmniFit Smartwatch,85
2023-06-14 11:30:45,CUST030,"Does EcoBreeze Air Purifier come in different sizes?",EcoBreeze Air Purifier,67
2023-06-15 08:15:30,CUST031,"Is ClearView Smart Camera available in different colors?",ClearView Smart Camera,100
2023-06-15 10:00:00,CUST032,"SwiftCharge Power Bank return policy",SwiftCharge Power Bank,89
2023-06-15 12:30:10,CUST033,"Is VersaFlex Speaker eco-friendly?",VersaFlex Speaker,72
2023-06-16 08:40:22,CUST034,"EcoBreeze Air Purifier return process",EcoBreeze Air Purifier,56
2023-06-16 10:00:00,CUST035,"VersaFlex Speaker installation guide",VersaFlex Speaker,118
2023-06-16 12:15:10,CUST036,"ClearView Smart Camera price",ClearView Smart Camera,63
2023-06-17 08:20:30,CUST037,"SwiftCharge Power Bank technical issues",SwiftCharge Power Bank,124
2023-06-17 10:45:12,CUST038,"OmniFit Smartwatch comparison with VersaFlex Speaker",OmniFit Smartwatch,101
2023-06-17 13:10:45,CUST039,"Does ClearView Smart Camera have a power-saving mode?",ClearView Smart Camera,78
2023-06-18 08:10:00,CUST040,"When will VersaFlex Speaker be delivered?",VersaFlex Speaker,62
2023-06-18 10:30:10,CUST041,"How to troubleshoot EcoBreeze Air Purifier?",EcoBreeze Air Purifier,111
2023-06-18 13:00:00,CUST042,"ClearView Smart Camera customer support",ClearView Smart Camera,85
2023-06-19 08:30:10,CUST043,"Can I purchase SwiftCharge Power Bank online?",SwiftCharge Power Bank,77
2023-06-19 10:10:00,CUST044,"VersaFlex Speaker review",VersaFlex Speaker,56
2023-06-19 12:40:33,CUST045,"EcoBreeze Air Purifier comparison with ClearView Smart Camera",EcoBreeze Air Purifier,103
2023-06-20 08:25:10,CUST046,"OmniFit Smartwatch troubleshooting guide",OmniFit Smartwatch,89
2023-06-20 10:50:00,CUST047,"SwiftCharge Power Bank accessories",SwiftCharge Power Bank,71
2023-06-20 13:30:15,CUST048,"Does VersaFlex Speaker come with a case?",VersaFlex Speaker,50
2023-06-21 08:10:30,CUST049,"EcoBreeze Air Purifier technical support",EcoBreeze Air Purifier,103
2023-06-21 10:25:45,CUST050,"When will ClearView Smart Camera be available again?",ClearView Smart Camera,122
2023-06-21 12:00:30,CUST051,"How do I set up SwiftCharge Power Bank?",SwiftCharge Power Bank,110
2023-06-22 08:30:00,CUST052,"VersaFlex Speaker online store",VersaFlex Speaker,67
2023-06-22 10:45:30,CUST053,"EcoBreeze Air Purifier maintenance",EcoBreeze Air Purifier,98
2023-06-22 13:30:20,CUST054,"ClearView Smart Camera customer experience",ClearView Smart Camera,105
2023-06-23 09:10:10,CUST055,"SwiftCharge Power Bank repair service",SwiftCharge Power Bank,95
2023-06-23 11:25:10,CUST056,"OmniFit Smartwatch availability status",OmniFit Smartwatch,120
